time	pos_x	vel_x	pos_y	vel_y
0	0.17500001	 17.500001	0.30261889	 30.212889
0.01	0.35000001	 17.500001	0.60425778	 30.114889
0.02	0.52500002	 17.500001	0.90491666	 30.016889
0.03	0.70000002	 17.500001	 1.2045956	 29.918889
0.04	0.87500003	 17.500001	 1.5032944	 29.820889
0.05	     1.05	17.500001	1.8010133	29.722889
0.06	    1.225	17.500001	2.0977522	29.624889
0.07	      1.4	17.500001	2.3935111	29.526889
0.08	    1.575	17.500001	  2.68829	29.428889
0.09	1.7500001	17.500001	2.9820889	29.330889
0.1	1.9250001	17.500001	3.2749078	29.232889
0.11	2.1000001	17.500001	3.5667467	29.134889
0.12	2.2750001	17.500001	3.8576055	29.036889
0.13	2.4500001	17.500001	4.1474844	28.938889
0.14	2.6250001	17.500001	4.4363833	28.840889
0.15	2.8000001	17.500001	4.7243022	28.742889
0.16	2.9750001	17.500001	5.0112411	28.644889
0.17	3.1500001	17.500001	   5.2972	28.546889
0.18	3.3250001	17.500001	5.5821789	28.448889
0.19	3.5000001	17.500001	5.8661778	28.350889
0.2	3.6750001	17.500001	6.1491967	28.252889
0.21	3.8500001	17.500001	6.4312355	28.154889
0.22	4.0250001	17.500001	6.7122944	28.056889
0.23	4.2000001	17.500001	6.9923733	27.958889
0.24	4.3750001	17.500001	7.2714722	27.860889
0.25	4.5500001	17.500001	7.5495911	27.762889
0.26	4.7250001	17.500001	  7.82673	27.664889
0.27	4.9000002	17.500001	8.1028889	27.566889
0.28	5.0750002	17.500001	8.3780678	27.468889
0.29	5.2500002	17.500001	8.6522666	27.370889
0.3	5.4250002	17.500001	8.9254855	27.272889
0.31	5.6000002	17.500001	9.1977244	27.174889
0.32	5.7750002	17.500001	9.4689833	27.076889
0.33	5.9500002	17.500001	9.7392622	26.978889
0.34	6.1250002	17.500001	10.008561	26.880889
0.35	6.3000002	17.500001	 10.27688	26.782889
0.36	6.4750002	17.500001	10.544219	26.684889
0.37	6.6500002	17.500001	10.810578	26.586889
0.38	6.8250002	17.500001	11.075957	26.488889
0.39	7.0000002	17.500001	11.340356	26.390889
0.4	7.1750002	17.500001	11.603774	26.292889
0.41	7.3500002	17.500001	11.866213	26.194889
0.42	7.5250002	17.500001	12.127672	26.096889
0.43	7.7000002	17.500001	12.388151	25.998889
0.44	7.8750002	17.500001	 12.64765	25.900889
0.45	8.0500002	17.500001	12.906169	25.802889
0.46	8.2250003	17.500001	13.163708	25.704889
0.47	8.4000003	17.500001	13.420267	25.606889
0.48	8.5750003	17.500001	13.675846	25.508889
0.49	8.7500003	17.500001	13.930444	25.410889
0.5	8.9250003	17.500001	14.184063	25.312889
0.51	9.1000003	17.500001	14.436702	25.214889
0.52	9.2750003	17.500001	14.688361	25.116889
0.53	9.4500003	17.500001	 14.93904	25.018889
0.54	9.6250003	17.500001	15.188739	24.920889
0.55	9.8000003	17.500001	15.437458	24.822889
0.56	9.9750003	17.500001	15.685197	24.724889
0.57	    10.15	17.500001	15.931956	24.626889
0.58	   10.325	17.500001	16.177734	24.528889
0.59	     10.5	17.500001	16.422533	24.430889
0.6	   10.675	17.500001	16.666352	24.332889
0.61	    10.85	17.500001	16.909191	24.234889
0.62	   11.025	17.500001	 17.15105	24.136889
0.63	     11.2	17.500001	17.391929	24.038889
0.64	   11.375	17.500001	17.631828	23.940889
0.65	    11.55	17.500001	17.870747	23.842889
0.66	   11.725	17.500001	18.108686	23.744889
0.67	     11.9	17.500001	18.345644	23.646889
0.68	   12.075	17.500001	18.581623	23.548889
0.69	    12.25	17.500001	18.816622	23.450889
0.7	   12.425	17.500001	19.050641	23.352889
0.71	     12.6	17.500001	 19.28368	23.254889
0.72	   12.775	17.500001	19.515739	23.156889
0.73	    12.95	17.500001	19.746818	23.058889
0.74	   13.125	17.500001	19.976917	22.960889
0.75	     13.3	17.500001	20.206036	22.862889
0.76	   13.475	17.500001	20.434174	22.764889
0.77	    13.65	17.500001	20.661333	22.666889
0.78	   13.825	17.500001	20.887512	22.568889
0.79	       14	17.500001	21.112711	22.470889
0.8	   14.175	17.500001	 21.33693	22.372889
0.81	    14.35	17.500001	21.560169	22.274889
0.82	   14.525	17.500001	21.782428	22.176889
0.83	     14.7	17.500001	22.003707	22.078889
0.84	   14.875	17.500001	22.224005	21.980889
0.85	    15.05	17.500001	22.443324	21.882889
0.86	   15.225	17.500001	22.661663	21.784889
0.87	     15.4	17.500001	22.879022	21.686889
0.88	   15.575	17.500001	23.095401	21.588889
0.89	    15.75	17.500001	  23.3108	21.490889
0.9	   15.925	17.500001	23.525219	21.392889
0.91	     16.1	17.500001	23.738658	21.294889
0.92	16.275001	17.500001	23.951117	21.196889
0.93	16.450001	17.500001	24.162595	21.098889
0.94	16.625001	17.500001	24.373094	21.000889
0.95	16.800001	17.500001	24.582613	20.902889
0.96	16.975001	17.500001	24.791152	20.804889
0.97	17.150001	17.500001	24.998711	20.706889
0.98	17.325001	17.500001	 25.20529	20.608889
0.99	17.500001	17.500001	25.410889	20.510889
1	17.675001	17.500001	25.615508	20.412889
1.01	17.850001	17.500001	25.819147	20.314889
1.02	18.025001	17.500001	26.021805	20.216889
1.03	18.200001	17.500001	26.223484	20.118889
1.04	18.375001	17.500001	26.424183	20.020889
1.05	18.550001	17.500001	26.623902	19.922889
1.06	18.725001	17.500001	26.822641	19.824889
1.07	18.900001	17.500001	  27.0204	19.726889
1.08	19.075001	17.500001	27.217179	19.628889
1.09	19.250001	17.500001	27.412978	19.530889
1.1	19.425001	17.500001	27.607797	19.432889
1.11	19.600001	17.500001	27.801635	19.334889
1.12	19.775001	17.500001	27.994494	19.236889
1.13	19.950001	17.500001	28.186373	19.138889
1.14	20.125001	17.500001	28.377272	19.040889
1.15	20.300001	17.500001	28.567191	18.942889
1.16	20.475001	17.500001	 28.75613	18.844889
1.17	20.650001	17.500001	28.944089	18.746889
1.18	20.825001	17.500001	29.131068	18.648889
1.19	21.000001	17.500001	29.317067	18.550889
1.2	21.175001	17.500001	29.502085	18.452889
1.21	21.350001	17.500001	29.686124	18.354889
1.22	21.525001	17.500001	29.869183	18.256889
1.23	21.700001	17.500001	30.051262	18.158889
1.24	21.875001	17.500001	30.232361	18.060889
1.25	22.050001	17.500001	 30.41248	17.962889
1.26	22.225001	17.500001	30.591619	17.864889
1.27	22.400001	17.500001	30.769778	17.766889
1.28	22.575001	17.500001	30.946957	17.668889
1.29	22.750001	17.500001	31.123155	17.570889
1.3	22.925001	17.500001	31.298374	17.472889
1.31	23.100001	17.500001	31.472613	17.374889
1.32	23.275001	17.500001	31.645872	17.276889
1.33	23.450001	17.500001	31.818151	17.178889
1.34	23.625001	17.500001	 31.98945	17.080889
1.35	23.800001	17.500001	32.159769	16.982889
1.36	23.975001	17.500001	32.329108	16.884889
1.37	24.150001	17.500001	32.497467	16.786889
1.38	24.325001	17.500001	32.664845	16.688889
1.39	24.500001	17.500001	32.831244	16.590889
1.4	24.675001	17.500001	32.996663	16.492889
1.41	24.850001	17.500001	33.161102	16.394889
1.42	25.025001	17.500001	33.324561	16.296889
1.43	25.200001	17.500001	 33.48704	16.198889
1.44	25.375001	17.500001	33.648539	16.100889
1.45	25.550001	17.500001	33.809058	16.002889
1.46	25.725001	17.500001	33.968597	15.904889
1.47	25.900001	17.500001	34.127155	15.806889
1.48	26.075001	17.500001	34.284734	15.708889
1.49	26.250001	17.500001	34.441333	15.610889
1.5	26.425001	17.500001	34.596952	15.512889
1.51	26.600001	17.500001	34.751591	15.414889
1.52	26.775001	17.500001	 34.90525	15.316889
1.53	26.950001	17.500001	35.057929	15.218889
1.54	27.125001	17.500001	35.209628	15.120889
1.55	27.300001	17.500001	35.360347	15.022889
1.56	27.475001	17.500001	35.510085	14.924889
1.57	27.650001	17.500001	35.658844	14.826889
1.58	27.825001	17.500001	35.806623	14.728889
1.59	28.000001	17.500001	35.953422	14.630889
1.6	28.175001	17.500001	36.099241	14.532889
1.61	28.350001	17.500001	 36.24408	14.434889
1.62	28.525001	17.500001	36.387939	14.336889
1.63	28.700001	17.500001	36.530818	14.238889
1.64	28.875001	17.500001	36.672717	14.140889
1.65	29.050001	17.500001	36.813635	14.042889
1.66	29.225001	17.500001	36.953574	13.944889
1.67	29.400001	17.500001	37.092533	13.846889
1.68	29.575001	17.500001	37.230512	13.748889
1.69	29.750001	17.500001	37.367511	13.650889
1.7	29.925001	17.500001	 37.50353	13.552889
1.71	30.100001	17.500001	37.638569	13.454889
1.72	30.275001	17.500001	37.772628	13.356889
1.73	30.450001	17.500001	37.905707	13.258889
1.74	30.625001	17.500001	38.037805	13.160889
1.75	30.800001	17.500001	38.168924	13.062889
1.76	30.975001	17.500001	38.299063	12.964889
1.77	31.150001	17.500001	38.428222	12.866889
1.78	31.325001	17.500001	38.556401	12.768889
1.79	31.500001	17.500001	  38.6836	12.670889
1.8	31.675001	17.500001	38.809819	12.572889
1.81	31.850001	17.500001	38.935058	12.474889
1.82	32.025001	17.500001	39.059317	12.376889
1.83	32.200001	17.500001	39.182595	12.278889
1.84	32.375001	17.500001	39.304894	12.180889
1.85	32.550001	17.500001	39.426213	12.082889
1.86	32.725001	17.500001	39.546552	11.984889
1.87	32.900001	17.500001	39.665911	11.886889
1.88	33.075001	17.500001	 39.78429	11.788889
1.89	33.250001	17.500001	39.901689	11.690889
1.9	33.425001	17.500001	40.018108	11.592889
1.91	33.600001	17.500001	40.133547	11.494889
1.92	33.775001	17.500001	40.248005	11.396889
1.93	33.950001	17.500001	40.361484	11.298889
1.94	34.125001	17.500001	40.473983	11.200889
1.95	34.300001	17.500001	40.585502	11.102889
1.96	34.475001	17.500001	40.696041	11.004889
1.97	34.650001	17.500001	  40.8056	10.906889
1.98	34.825001	17.500001	40.914179	10.808889
1.99	35.000001	17.500001	41.021778	10.710889
2	35.175001	17.500001	41.128397	10.612889
2.01	35.350001	17.500001	41.234035	10.514889
2.02	35.525001	17.500001	41.338694	10.416889
2.03	35.700001	17.500001	41.442373	10.318889
2.04	35.875001	17.500001	41.545072	10.220889
2.05	36.050001	17.500001	41.646791	10.122889
2.06	36.225001	17.500001	 41.74753	10.024889
2.07	36.400001	17.500001	41.847289	9.9268888
2.08	36.575001	17.500001	41.946068	9.8288888
2.09	36.750001	17.500001	42.043867	9.7308888
2.1	36.925001	17.500001	42.140685	9.6328888
2.11	37.100001	17.500001	42.236524	9.5348888
2.12	37.275001	17.500001	42.331383	9.4368888
2.13	37.450001	17.500001	42.425262	9.3388888
2.14	37.625001	17.500001	42.518161	9.2408888
2.15	37.800001	17.500001	 42.61008	9.1428888
2.16	37.975001	17.500001	42.701019	9.0448888
2.17	38.150001	17.500001	42.790978	8.9468888
2.18	38.325001	17.500001	42.879957	8.8488888
2.19	38.500001	17.500001	42.967955	8.7508888
2.2	38.675001	17.500001	43.054974	8.6528888
2.21	38.850001	17.500001	43.141013	8.5548888
2.22	39.025001	17.500001	43.226072	8.4568888
2.23	39.200001	17.500001	43.310151	8.3588888
2.24	39.375001	17.500001	 43.39325	8.2608888
2.25	39.550001	17.500001	43.475369	8.1628888
2.26	39.725001	17.500001	43.556508	8.0648888
2.27	39.900001	17.500001	43.636667	7.9668888
2.28	40.075001	17.500001	43.715845	7.8688888
2.29	40.250001	17.500001	43.794044	7.7708888
2.3	40.425001	17.500001	43.871263	7.6728888
2.31	40.600001	17.500001	43.947502	7.5748888
2.32	40.775001	17.500001	44.022761	7.4768888
2.33	40.950001	17.500001	 44.09704	7.3788888
2.34	41.125001	17.500001	44.170339	7.2808888
2.35	41.300001	17.500001	44.242658	7.1828888
2.36	41.475001	17.500001	44.313997	7.0848888
2.37	41.650001	17.500001	44.384355	6.9868888
2.38	41.825001	17.500001	44.453734	6.8888888
2.39	42.000001	17.500001	44.522133	6.7908888
2.4	42.175001	17.500001	44.589552	6.6928888
2.41	42.350001	17.500001	44.655991	6.5948888
2.42	42.525001	17.500001	 44.72145	6.4968888
2.43	42.700001	17.500001	44.785929	6.3988888
2.44	42.875001	17.500001	44.849428	6.3008888
2.45	43.050001	17.500001	44.911946	6.2028888
2.46	43.225001	17.500001	44.973485	6.1048888
2.47	43.400001	17.500001	45.034044	6.0068888
2.48	43.575001	17.500001	45.093623	5.9088888
2.49	43.750001	17.500001	45.152222	5.8108888
2.5	43.925001	17.500001	45.209841	5.7128888
2.51	44.100001	17.500001	 45.26648	5.6148888
2.52	44.275001	17.500001	45.322139	5.5168888
2.53	44.450001	17.500001	45.376818	5.4188888
2.54	44.625001	17.500001	45.430516	5.3208888
2.55	44.800001	17.500001	45.483235	5.2228888
2.56	44.975001	17.500001	45.534974	5.1248888
2.57	45.150001	17.500001	45.585733	5.0268888
2.58	45.325001	17.500001	45.635512	4.9288888
2.59	45.500001	17.500001	45.684311	4.8308888
2.6	45.675001	17.500001	 45.73213	4.7328888
2.61	45.850001	17.500001	45.778969	4.6348888
2.62	46.025001	17.500001	45.824828	4.5368888
2.63	46.200001	17.500001	45.869706	4.4388888
2.64	46.375001	17.500001	45.913605	4.3408888
2.65	46.550001	17.500001	45.956524	4.2428888
2.66	46.725001	17.500001	45.998463	4.1448888
2.67	46.900001	17.500001	46.039422	4.0468888
2.68	47.075001	17.500001	46.079401	3.9488888
2.69	47.250001	17.500001	  46.1184	3.8508888
2.7	47.425001	17.500001	46.156419	3.7528888
2.71	47.600001	17.500001	46.193458	3.6548888
2.72	47.775001	17.500001	46.229516	3.5568888
2.73	47.950001	17.500001	46.264595	3.4588888
2.74	48.125001	17.500001	46.298694	3.3608888
2.75	48.300001	17.500001	46.331813	3.2628888
2.76	48.475001	17.500001	46.363952	3.1648888
2.77	48.650002	17.500001	46.395111	3.0668888
2.78	48.825002	17.500001	 46.42529	2.9688888
2.79	49.000002	17.500001	46.454489	2.8708888
2.8	49.175002	17.500001	46.482708	2.7728888
2.81	49.350002	17.500001	46.509946	2.6748888
2.82	49.525002	17.500001	46.536205	2.5768888
2.83	49.700002	17.500001	46.561484	2.4788888
2.84	49.875002	17.500001	46.585783	2.3808888
2.85	50.050002	17.500001	46.609102	2.2828888
2.86	50.225002	17.500001	46.631441	2.1848888
2.87	50.400002	17.500001	  46.6528	2.0868888
2.88	50.575002	17.500001	46.673179	1.9888888
2.89	50.750002	17.500001	46.692578	1.8908888
2.9	50.925002	17.500001	46.710996	1.7928888
2.91	51.100002	17.500001	46.728435	1.6948888
2.92	51.275002	17.500001	46.744894	1.5968888
2.93	51.450002	17.500001	46.760373	1.4988888
2.94	51.625002	17.500001	46.774872	1.4008888
2.95	51.800002	17.500001	46.788391	1.3028888
2.96	51.975002	17.500001	 46.80093	1.2048888
2.97	52.150002	17.500001	46.812489	1.1068888
2.98	52.325002	17.500001	46.823068	1.0088888
2.99	 52.500002	 17.500001	 46.832666	0.91088882
3	 52.675002	 17.500001	 46.841285	0.81288882
3.01	 52.850002	 17.500001	 46.848924	0.71488882
3.02	 53.025002	 17.500001	 46.855583	0.61688882
3.03	 53.200002	 17.500001	 46.861262	0.51888882
3.04	 53.375002	 17.500001	 46.865961	0.42088882
3.05	 53.550002	 17.500001	  46.86968	0.32288882
3.06	 53.725002	 17.500001	 46.872419	0.22488882
3.07	 53.900002	 17.500001	 46.874178	0.12688882
3.08	 54.075002	 17.500001	 46.874956	0.02888882
3.09	  54.250002	  17.500001	  46.874755	-0.06911118
3.1	  54.425002	  17.500001	  46.873574	-0.16711118
3.11	  54.600002	  17.500001	  46.871413	-0.26511118
3.12	  54.775002	  17.500001	  46.868272	-0.36311118
3.13	  54.950002	  17.500001	  46.864151	-0.46111118
3.14	  55.125002	  17.500001	   46.85905	-0.55911118
3.15	  55.300002	  17.500001	  46.852969	-0.65711118
3.16	  55.475002	  17.500001	  46.845908	-0.75511118
3.17	  55.650002	  17.500001	  46.837866	-0.85311118
3.18	  55.825002	  17.500001	  46.828845	-0.95111118
3.19	 56.000002	 17.500001	 46.818844	-1.0491112
3.2	 56.175002	 17.500001	 46.807863	-1.1471112
3.21	 56.350002	 17.500001	 46.795902	-1.2451112
3.22	 56.525002	 17.500001	 46.782961	-1.3431112
3.23	 56.700002	 17.500001	  46.76904	-1.4411112
3.24	 56.875002	 17.500001	 46.754139	-1.5391112
3.25	 57.050002	 17.500001	 46.738258	-1.6371112
3.26	 57.225002	 17.500001	 46.721396	-1.7351112
3.27	 57.400002	 17.500001	 46.703555	-1.8331112
3.28	 57.575002	 17.500001	 46.684734	-1.9311112
3.29	 57.750002	 17.500001	 46.664933	-2.0291112
3.3	 57.925002	 17.500001	 46.644152	-2.1271112
3.31	 58.100002	 17.500001	 46.622391	-2.2251112
3.32	 58.275002	 17.500001	  46.59965	-2.3231112
3.33	 58.450002	 17.500001	 46.575929	-2.4211112
3.34	 58.625002	 17.500001	 46.551228	-2.5191112
3.35	 58.800002	 17.500001	 46.525546	-2.6171112
3.36	 58.975002	 17.500001	 46.498885	-2.7151112
3.37	 59.150002	 17.500001	 46.471244	-2.8131112
3.38	 59.325002	 17.500001	 46.442623	-2.9111112
3.39	 59.500002	 17.500001	 46.413022	-3.0091112
3.4	 59.675002	 17.500001	 46.382441	-3.1071112
3.41	 59.850002	 17.500001	  46.35088	-3.2051112
3.42	 60.025002	 17.500001	 46.318339	-3.3031112
3.43	 60.200002	 17.500001	 46.284818	-3.4011112
3.44	 60.375002	 17.500001	 46.250316	-3.4991112
3.45	 60.550002	 17.500001	 46.214835	-3.5971112
3.46	 60.725002	 17.500001	 46.178374	-3.6951112
3.47	 60.900002	 17.500001	 46.140933	-3.7931112
3.48	 61.075002	 17.500001	 46.102512	-3.8911112
3.49	 61.250002	 17.500001	 46.063111	-3.9891112
3.5	 61.425002	 17.500001	  46.02273	-4.0871112
3.51	 61.600002	 17.500001	 45.981369	-4.1851112
3.52	 61.775002	 17.500001	 45.939028	-4.2831112
3.53	 61.950002	 17.500001	 45.895706	-4.3811112
3.54	 62.125002	 17.500001	 45.851405	-4.4791112
3.55	 62.300002	 17.500001	 45.806124	-4.5771112
3.56	 62.475002	 17.500001	 45.759863	-4.6751112
3.57	 62.650002	 17.500001	 45.712622	-4.7731112
3.58	 62.825002	 17.500001	 45.664401	-4.8711112
3.59	 63.000002	 17.500001	   45.6152	-4.9691112
3.6	 63.175002	 17.500001	 45.565019	-5.0671112
3.61	 63.350002	 17.500001	 45.513858	-5.1651112
3.62	 63.525002	 17.500001	 45.461716	-5.2631112
3.63	 63.700002	 17.500001	 45.408595	-5.3611112
3.64	 63.875002	 17.500001	 45.354494	-5.4591112
3.65	 64.050002	 17.500001	 45.299413	-5.5571112
3.66	 64.225002	 17.500001	 45.243352	-5.6551112
3.67	 64.400002	 17.500001	 45.186311	-5.7531112
3.68	 64.575002	 17.500001	  45.12829	-5.8511112
3.69	 64.750002	 17.500001	 45.069289	-5.9491112
3.7	 64.925002	 17.500001	 45.009308	-6.0471112
3.71	 65.100002	 17.500001	 44.948346	-6.1451112
3.72	 65.275002	 17.500001	 44.886405	-6.2431112
3.73	 65.450002	 17.500001	 44.823484	-6.3411112
3.74	 65.625002	 17.500001	 44.759583	-6.4391112
3.75	 65.800002	 17.500001	 44.694702	-6.5371112
3.76	 65.975002	 17.500001	 44.628841	-6.6351112
3.77	 66.150002	 17.500001	    44.562	-6.7331112
3.78	 66.325002	 17.500001	 44.494179	-6.8311112
3.79	 66.500002	 17.500001	 44.425378	-6.9291112
3.8	 66.675002	 17.500001	 44.355596	-7.0271112
3.81	 66.850002	 17.500001	 44.284835	-7.1251112
3.82	 67.025002	 17.500001	 44.213094	-7.2231112
3.83	 67.200002	 17.500001	 44.140373	-7.3211112
3.84	 67.375002	 17.500001	 44.066672	-7.4191112
3.85	 67.550002	 17.500001	 43.991991	-7.5171112
3.86	 67.725002	 17.500001	  43.91633	-7.6151112
3.87	 67.900002	 17.500001	 43.839689	-7.7131112
3.88	 68.075002	 17.500001	 43.762068	-7.8111112
3.89	 68.250002	 17.500001	 43.683466	-7.9091112
3.9	 68.425002	 17.500001	 43.603885	-8.0071112
3.91	 68.600002	 17.500001	 43.523324	-8.1051112
3.92	 68.775002	 17.500001	 43.441783	-8.2031112
3.93	 68.950002	 17.500001	 43.359262	-8.3011112
3.94	 69.125002	 17.500001	 43.275761	-8.3991112
3.95	 69.300002	 17.500001	  43.19128	-8.4971112
3.96	 69.475002	 17.500001	 43.105819	-8.5951112
3.97	 69.650002	 17.500001	 43.019378	-8.6931112
3.98	 69.825002	 17.500001	 42.931956	-8.7911112
3.99	 70.000002	 17.500001	 42.843555	-8.8891112
4	 70.175002	 17.500001	 42.754174	-8.9871112
4.01	 70.350002	 17.500001	 42.663813	-9.0851112
4.02	 70.525002	 17.500001	 42.572472	-9.1831112
4.03	 70.700002	 17.500001	 42.480151	-9.2811112
4.04	 70.875002	 17.500001	  42.38685	-9.3791112
4.05	 71.050002	 17.500001	 42.292569	-9.4771112
4.06	 71.225002	 17.500001	 42.197307	-9.5751112
4.07	 71.400002	 17.500001	 42.101066	-9.6731112
4.08	 71.575002	 17.500001	 42.003845	-9.7711112
4.09	 71.750002	 17.500001	 41.905644	-9.8691112
4.1	 71.925002	 17.500001	 41.806463	-9.9671112
4.11	 72.100002	 17.500001	 41.706302	-10.065111
4.12	 72.275002	 17.500001	 41.605161	-10.163111
4.13	 72.450002	 17.500001	  41.50304	-10.261111
4.14	 72.625002	 17.500001	 41.399939	-10.359111
4.15	 72.800002	 17.500001	 41.295857	-10.457111
4.16	 72.975002	 17.500001	 41.190796	-10.555111
4.17	 73.150002	 17.500001	 41.084755	-10.653111
4.18	 73.325002	 17.500001	 40.977734	-10.751111
4.19	 73.500002	 17.500001	 40.869733	-10.849111
4.2	 73.675002	 17.500001	 40.760752	-10.947111
4.21	 73.850002	 17.500001	 40.650791	-11.045111
4.22	 74.025002	 17.500001	  40.53985	-11.143111
4.23	 74.200002	 17.500001	 40.427929	-11.241111
4.24	 74.375002	 17.500001	 40.315027	-11.339111
4.25	 74.550002	 17.500001	 40.201146	-11.437111
4.26	 74.725002	 17.500001	 40.086285	-11.535111
4.27	 74.900002	 17.500001	 39.970444	-11.633111
4.28	 75.075002	 17.500001	 39.853623	-11.731111
4.29	 75.250002	 17.500001	 39.735822	-11.829111
4.3	 75.425002	 17.500001	 39.617041	-11.927111
4.31	 75.600002	 17.500001	  39.49728	-12.025111
4.32	 75.775002	 17.500001	 39.376539	-12.123111
4.33	 75.950002	 17.500001	 39.254817	-12.221111
4.34	 76.125002	 17.500001	 39.132116	-12.319111
4.35	 76.300002	 17.500001	 39.008435	-12.417111
4.36	 76.475002	 17.500001	 38.883774	-12.515111
4.37	 76.650002	 17.500001	 38.758133	-12.613111
4.38	 76.825002	 17.500001	 38.631512	-12.711111
4.39	 77.000002	 17.500001	 38.503911	-12.809111
4.4	 77.175002	 17.500001	  38.37533	-12.907111
4.41	 77.350002	 17.500001	 38.245769	-13.005111
4.42	 77.525002	 17.500001	 38.115227	-13.103111
4.43	 77.700002	 17.500001	 37.983706	-13.201111
4.44	 77.875002	 17.500001	 37.851205	-13.299111
4.45	 78.050002	 17.500001	 37.717724	-13.397111
4.46	 78.225002	 17.500001	 37.583263	-13.495111
4.47	 78.400002	 17.500001	 37.447822	-13.593111
4.48	 78.575002	 17.500001	 37.311401	-13.691111
4.49	 78.750002	 17.500001	    37.174	-13.789111
4.5	 78.925002	 17.500001	 37.035619	-13.887111
4.51	 79.100002	 17.500001	 36.896257	-13.985111
4.52	 79.275002	 17.500001	 36.755916	-14.083111
4.53	 79.450002	 17.500001	 36.614595	-14.181111
4.54	 79.625002	 17.500001	 36.472294	-14.279111
4.55	 79.800002	 17.500001	 36.329013	-14.377111
4.56	 79.975002	 17.500001	 36.184752	-14.475111
4.57	 80.150002	 17.500001	 36.039511	-14.573111
4.58	 80.325002	 17.500001	  35.89329	-14.671111
4.59	 80.500002	 17.500001	 35.746089	-14.769111
4.6	 80.675002	 17.500001	 35.597907	-14.867111
4.61	 80.850003	 17.500001	 35.448746	-14.965111
4.62	 81.025003	 17.500001	 35.298605	-15.063111
4.63	 81.200003	 17.500001	 35.147484	-15.161111
4.64	 81.375003	 17.500001	 34.995383	-15.259111
4.65	 81.550003	 17.500001	 34.842302	-15.357111
4.66	 81.725003	 17.500001	 34.688241	-15.455111
4.67	 81.900003	 17.500001	   34.5332	-15.553111
4.68	 82.075003	 17.500001	 34.377179	-15.651111
4.69	 82.250003	 17.500001	 34.220177	-15.749111
4.7	 82.425003	 17.500001	 34.062196	-15.847111
4.71	 82.600003	 17.500001	 33.903235	-15.945111
4.72	 82.775003	 17.500001	 33.743294	-16.043111
4.73	 82.950003	 17.500001	 33.582373	-16.141111
4.74	 83.125003	 17.500001	 33.420472	-16.239111
4.75	 83.300003	 17.500001	 33.257591	-16.337111
4.76	 83.475003	 17.500001	  33.09373	-16.435111
4.77	 83.650003	 17.500001	 32.928889	-16.533111
4.78	 83.825003	 17.500001	 32.763067	-16.631111
4.79	 84.000003	 17.500001	 32.596266	-16.729111
4.8	 84.175003	 17.500001	 32.428485	-16.827111
4.81	 84.350003	 17.500001	 32.259724	-16.925111
4.82	 84.525003	 17.500001	 32.089983	-17.023111
4.83	 84.700003	 17.500001	 31.919262	-17.121111
4.84	 84.875003	 17.500001	 31.747561	-17.219111
4.85	 85.050003	 17.500001	  31.57488	-17.317111
4.86	 85.225003	 17.500001	 31.401219	-17.415111
4.87	 85.400003	 17.500001	 31.226577	-17.513111
4.88	 85.575003	 17.500001	 31.050956	-17.611111
4.89	 85.750003	 17.500001	 30.874355	-17.709111
4.9	 85.925003	 17.500001	 30.696774	-17.807111
4.91	 86.100003	 17.500001	 30.518213	-17.905111
4.92	 86.275003	 17.500001	 30.338672	-18.003111
4.93	 86.450003	 17.500001	 30.158151	-18.101111
4.94	 86.625003	 17.500001	  29.97665	-18.199111
4.95	 86.800003	 17.500001	 29.794169	-18.297111
4.96	 86.975003	 17.500001	 29.610707	-18.395111
4.97	 87.150003	 17.500001	 29.426266	-18.493111
4.98	 87.325003	 17.500001	 29.240845	-18.591111
4.99	 87.500003	 17.500001	 29.054444	-18.689111
5	 87.675003	 17.500001	 28.867063	-18.787111
5.01	 87.850003	 17.500001	 28.678702	-18.885111
5.02	 88.025003	 17.500001	 28.489361	-18.983111
5.03	 88.200003	 17.500001	  28.29904	-19.081111
5.04	 88.375003	 17.500001	 28.107739	-19.179111
5.05	 88.550003	 17.500001	 27.915457	-19.277111
5.06	 88.725003	 17.500001	 27.722196	-19.375111
5.07	 88.900003	 17.500001	 27.527955	-19.473111
5.08	 89.075003	 17.500001	 27.332734	-19.571111
5.09	 89.250003	 17.500001	 27.136533	-19.669111
5.1	 89.425003	 17.500001	 26.939352	-19.767111
5.11	 89.600003	 17.500001	 26.741191	-19.865111
5.12	 89.775003	 17.500001	  26.54205	-19.963111
5.13	 89.950003	 17.500001	 26.341929	-20.061111
5.14	 90.125003	 17.500001	 26.140827	-20.159111
5.15	 90.300003	 17.500001	 25.938746	-20.257111
5.16	 90.475003	 17.500001	 25.735685	-20.355111
5.17	 90.650003	 17.500001	 25.531644	-20.453111
5.18	 90.825003	 17.500001	 25.326623	-20.551111
5.19	 91.000003	 17.500001	 25.120622	-20.649111
5.2	 91.175003	 17.500001	 24.913641	-20.747111
5.21	 91.350003	 17.500001	  24.70568	-20.845111
5.22	 91.525003	 17.500001	 24.496739	-20.943111
5.23	 91.700003	 17.500001	 24.286817	-21.041111
5.24	 91.875003	 17.500001	 24.075916	-21.139111
5.25	 92.050003	 17.500001	 23.864035	-21.237111
5.26	 92.225003	 17.500001	 23.651174	-21.335111
5.27	 92.400003	 17.500001	 23.437333	-21.433111
5.28	 92.575003	 17.500001	 23.222512	-21.531111
5.29	 92.750003	 17.500001	 23.006711	-21.629111
5.3	 92.925003	 17.500001	  22.78993	-21.727111
5.31	 93.100003	 17.500001	 22.572169	-21.825111
5.32	 93.275003	 17.500001	 22.353427	-21.923111
5.33	 93.450003	 17.500001	 22.133706	-22.021111
5.34	 93.625003	 17.500001	 21.913005	-22.119111
5.35	 93.800003	 17.500001	 21.691324	-22.217111
5.36	 93.975003	 17.500001	 21.468663	-22.315111
5.37	 94.150003	 17.500001	 21.245022	-22.413111
5.38	 94.325003	 17.500001	 21.020401	-22.511111
5.39	 94.500003	 17.500001	   20.7948	-22.609111
5.4	 94.675003	 17.500001	 20.568219	-22.707111
5.41	 94.850003	 17.500001	 20.340657	-22.805111
5.42	 95.025003	 17.500001	 20.112116	-22.903111
5.43	 95.200003	 17.500001	 19.882595	-23.001111
5.44	 95.375003	 17.500001	 19.652094	-23.099111
5.45	 95.550003	 17.500001	 19.420613	-23.197111
5.46	 95.725003	 17.500001	 19.188152	-23.295111
5.47	 95.900003	 17.500001	 18.954711	-23.393111
5.48	 96.075003	 17.500001	  18.72029	-23.491111
5.49	 96.250003	 17.500001	 18.484889	-23.589111
5.5	 96.425003	 17.500001	 18.248507	-23.687111
5.51	 96.600003	 17.500001	 18.011146	-23.785111
5.52	 96.775003	 17.500001	 17.772805	-23.883111
5.53	 96.950003	 17.500001	 17.533484	-23.981111
5.54	 97.125003	 17.500001	 17.293183	-24.079111
5.55	 97.300003	 17.500001	 17.051902	-24.177111
5.56	 97.475003	 17.500001	 16.809641	-24.275111
5.57	 97.650003	 17.500001	   16.5664	-24.373111
5.58	 97.825003	 17.500001	 16.322179	-24.471111
5.59	 98.000003	 17.500001	 16.076977	-24.569111
5.6	 98.175003	 17.500001	 15.830796	-24.667111
5.61	 98.350003	 17.500001	 15.583635	-24.765111
5.62	 98.525003	 17.500001	 15.335494	-24.863111
5.63	 98.700003	 17.500001	 15.086373	-24.961111
5.64	 98.875003	 17.500001	 14.836272	-25.059111
5.65	 99.050003	 17.500001	 14.585191	-25.157111
5.66	 99.225003	 17.500001	  14.33313	-25.255111
5.67	 99.400003	 17.500001	 14.080088	-25.353111
5.68	 99.575003	 17.500001	 13.826067	-25.451111
5.69	 99.750003	 17.500001	 13.571066	-25.549111
5.7	 99.925003	 17.500001	 13.315085	-25.647111
5.71	     100.1	 17.500001	 13.058124	-25.745111
5.72	   100.275	 17.500001	 12.800183	-25.843111
5.73	    100.45	 17.500001	 12.541262	-25.941111
5.74	   100.625	 17.500001	 12.281361	-26.039111
5.75	     100.8	 17.500001	  12.02048	-26.137111
5.76	   100.975	 17.500001	 11.758618	-26.235111
5.77	    101.15	 17.500001	 11.495777	-26.333111
5.78	   101.325	 17.500001	 11.231956	-26.431111
5.79	     101.5	 17.500001	 10.967155	-26.529111
5.8	   101.675	 17.500001	 10.701374	-26.627111
5.81	    101.85	 17.500001	 10.434613	-26.725111
5.82	   102.025	 17.500001	 10.166872	-26.823111
5.83	     102.2	 17.500001	 9.8981507	-26.921111
5.84	   102.375	 17.500001	 9.6284496	-27.019111
5.85	    102.55	 17.500001	 9.3577685	-27.117111
5.86	   102.725	 17.500001	 9.0861074	-27.215111
5.87	     102.9	 17.500001	 8.8134663	-27.313111
5.88	   103.075	 17.500001	 8.5398451	-27.411111
5.89	    103.25	 17.500001	  8.265244	-27.509111
5.9	   103.425	 17.500001	 7.9896629	-27.607111
5.91	     103.6	 17.500001	 7.7131018	-27.705111
5.92	   103.775	 17.500001	 7.4355607	-27.803111
5.93	    103.95	 17.500001	 7.1570396	-27.901111
5.94	   104.125	 17.500001	 6.8775385	-27.999111
5.95	     104.3	 17.500001	 6.5970574	-28.097111
5.96	   104.475	 17.500001	 6.3155963	-28.195111
5.97	    104.65	 17.500001	 6.0331551	-28.293111
5.98	   104.825	 17.500001	  5.749734	-28.391111
5.99	       105	 17.500001	 5.4653329	-28.489111
6	   105.175	 17.500001	 5.1799518	-28.587111
6.01	    105.35	 17.500001	 4.8935907	-28.685111
6.02	   105.525	 17.500001	 4.6062496	-28.783111
6.03	     105.7	 17.500001	 4.3179285	-28.881111
6.04	   105.875	 17.500001	 4.0286274	-28.979111
6.05	    106.05	 17.500001	 3.7383462	-29.077111
6.06	   106.225	 17.500001	 3.4470851	-29.175111
6.07	     106.4	 17.500001	  3.154844	-29.273111
6.08	   106.575	 17.500001	 2.8616229	-29.371111
6.09	    106.75	 17.500001	 2.5674218	-29.469111
6.1	   106.925	 17.500001	 2.2722407	-29.567111
6.11	     107.1	 17.500001	 1.9760796	-29.665111
6.12	   107.275	 17.500001	 1.6789385	-29.763111
6.13	    107.45	 17.500001	 1.3808174	-29.861111
6.14	   107.625	 17.500001	 1.0817162	-29.959111
6.15	     107.8	 17.500001	0.78163513	-30.057111
6.16	   107.975	 17.500001	0.48057402	-30.155111
6.17	    108.15	 17.500001	0.17853291	-30.253111
6.18	    108.325	  17.500001	-0.12448821	 -30.351111
6.19	      108.5	  17.500001	-0.42848932	 -30.449111
6.2	    108.675	  17.500001	-0.73347043	 -30.547111
6.21	    108.85	 17.500001	-1.0394315	-30.645111
6.22	   109.025	 17.500001	-1.3463727	-30.743111
6.23	     109.2	 17.500001	-1.6542938	-30.841111
6.24	   109.375	 17.500001	-1.9631949	-30.939111
6.25	    109.55	 17.500001	 -2.273076	-31.037111
6.26	   109.725	 17.500001	-2.5839371	-31.135111
6.27	     109.9	 17.500001	-2.8957782	-31.233111
6.28	   110.075	 17.500001	-3.2085993	-31.331111
6.29	    110.25	 17.500001	-3.5224004	-31.429111
6.3	   110.425	 17.500001	-3.8371815	-31.527111
6.31	     110.6	 17.500001	-4.1529427	-31.625111
6.32	   110.775	 17.500001	-4.4696838	-31.723111
6.33	    110.95	 17.500001	-4.7874049	-31.821111
6.34	   111.125	 17.500001	 -5.106106	-31.919111
6.35	     111.3	 17.500001	-5.4257871	-32.017111
6.36	   111.475	 17.500001	-5.7464482	-32.115111
6.37	    111.65	 17.500001	-6.0680893	-32.213111
6.38	   111.825	 17.500001	-6.3907104	-32.311111
6.39	       112	 17.500001	-6.7143116	-32.409111
6.4	   112.175	 17.500001	-7.0388927	-32.507111
6.41	    112.35	 17.500001	-7.3644538	-32.605111
6.42	   112.525	 17.500001	-7.6909949	-32.703111
6.43	     112.7	 17.500001	 -8.018516	-32.801111
6.44	   112.875	 17.500001	-8.3470171	-32.899111
6.45	    113.05	 17.500001	-8.6764982	-32.997111
6.46	   113.225	 17.500001	-9.0069593	-33.095111
6.47	     113.4	 17.500001	-9.3384004	-33.193111
6.48	   113.575	 17.500001	-9.6708216	-33.291111
6.49	    113.75	 17.500001	-10.004223	-33.389111
6.5	   113.925	 17.500001	-10.338604	-33.487111
6.51	     114.1	 17.500001	-10.673965	-33.585111
6.52	   114.275	 17.500001	-11.010306	-33.683111
6.53	    114.45	 17.500001	-11.347627	-33.781111
6.54	   114.625	 17.500001	-11.685928	-33.879111
6.55	     114.8	 17.500001	-12.025209	-33.977111
6.56	   114.975	 17.500001	 -12.36547	-34.075111
6.57	    115.15	 17.500001	-12.706712	-34.173111
6.58	   115.325	 17.500001	-13.048933	-34.271111
6.59	     115.5	 17.500001	-13.392134	-34.369111
6.6	   115.675	 17.500001	-13.736315	-34.467111
6.61	    115.85	 17.500001	-14.081476	-34.565111
6.62	   116.025	 17.500001	-14.427617	-34.663111
6.63	     116.2	 17.500001	-14.774738	-34.761111
6.64	   116.375	 17.500001	-15.122839	-34.859111
6.65	    116.55	 17.500001	 -15.47192	-34.957111
6.66	   116.725	 17.500001	-15.821982	-35.055111
6.67	     116.9	 17.500001	-16.173023	-35.153111
6.68	   117.075	 17.500001	-16.525044	-35.251111
6.69	    117.25	 17.500001	-16.878045	-35.349111
6.7	   117.425	 17.500001	-17.232026	-35.447111
6.71	     117.6	 17.500001	-17.586987	-35.545111
6.72	   117.775	 17.500001	-17.942928	-35.643111
6.73	    117.95	 17.500001	-18.299849	-35.741111
6.74	   118.125	 17.500001	 -18.65775	-35.839111
6.75	     118.3	 17.500001	-19.016632	-35.937111
6.76	   118.475	 17.500001	-19.376493	-36.035111
6.77	    118.65	 17.500001	-19.737334	-36.133111
6.78	   118.825	 17.500001	-20.099155	-36.231111
6.79	       119	 17.500001	-20.461956	-36.329111
6.8	   119.175	 17.500001	-20.825737	-36.427111
6.81	    119.35	 17.500001	-21.190498	-36.525111
6.82	   119.525	 17.500001	-21.556239	-36.623111
6.83	     119.7	 17.500001	 -21.92296	-36.721111
6.84	   119.875	 17.500001	-22.290662	-36.819111
6.85	    120.05	 17.500001	-22.659343	-36.917111
6.86	   120.225	 17.500001	-23.029004	-37.015111
6.87	     120.4	 17.500001	-23.399645	-37.113111
6.88	   120.575	 17.500001	-23.771266	-37.211111
6.89	    120.75	 17.500001	-24.143867	-37.309111
6.9	   120.925	 17.500001	-24.517448	-37.407111
6.91	     121.1	 17.500001	-24.892009	-37.505111
6.92	   121.275	 17.500001	 -25.26755	-37.603111
6.93	    121.45	 17.500001	-25.644072	-37.701111
6.94	   121.625	 17.500001	-26.021573	-37.799111
6.95	     121.8	 17.500001	-26.400054	-37.897111
6.96	   121.975	 17.500001	-26.779515	-37.995111
6.97	    122.15	 17.500001	-27.159956	-38.093111
6.98	   122.325	 17.500001	-27.541377	-38.191111
6.99	     122.5	 17.500001	-27.923778	-38.289111
7	   122.675	 17.500001	-28.307159	-38.387111
7.01	    122.85	 17.500001	 -28.69152	-38.485111
7.02	   123.025	 17.500001	-29.076862	-38.583111
7.03	     123.2	 17.500001	-29.463183	-38.681111
7.04	   123.375	 17.500001	-29.850484	-38.779111
7.05	    123.55	 17.500001	-30.238765	-38.877111
7.06	   123.725	 17.500001	-30.628026	-38.975111
7.07	     123.9	 17.500001	-31.018267	-39.073111
7.08	   124.075	 17.500001	-31.409488	-39.171111
7.09	    124.25	 17.500001	-31.801689	-39.269111
7.1	   124.425	 17.500001	 -32.19487	-39.367111
7.11	     124.6	 17.500001	-32.589032	-39.465111
7.12	   124.775	 17.500001	-32.984173	-39.563111
7.13	    124.95	 17.500001	-33.380294	-39.661111
7.14	   125.125	 17.500001	-33.777395	-39.759111
7.15	     125.3	 17.500001	-34.175476	-39.857111
7.16	   125.475	 17.500001	-34.574537	-39.955111
7.17	    125.65	 17.500001	-34.974578	-40.053111
7.18	   125.825	 17.500001	-35.375599	-40.151111
7.19	       126	 17.500001	  -35.7776	-40.249111
7.2	   126.175	 17.500001	-36.180582	-40.347111
7.21	    126.35	 17.500001	-36.584543	-40.445111
7.22	   126.525	 17.500001	-36.989484	-40.543111
7.23	     126.7	 17.500001	-37.395405	-40.641111
7.24	   126.875	 17.500001	-37.802306	-40.739111
7.25	    127.05	 17.500001	-38.210187	-40.837111
7.26	   127.225	 17.500001	-38.619048	-40.935111
7.27	     127.4	 17.500001	-39.028889	-41.033111
7.28	   127.575	 17.500001	-39.439711	-41.131111
7.29	    127.75	 17.500001	-39.851512	-41.229111
7.3	   127.925	 17.500001	-40.264293	-41.327111
7.31	     128.1	 17.500001	-40.678054	-41.425111
7.32	   128.275	 17.500001	-41.092795	-41.523111
7.33	    128.45	 17.500001	-41.508516	-41.621111
7.34	   128.625	 17.500001	-41.925217	-41.719111
7.35	     128.8	 17.500001	-42.342898	-41.817111
7.36	   128.975	 17.500001	-42.761559	-41.915111
7.37	    129.15	 17.500001	-43.181201	-42.013111
7.38	   129.325	 17.500001	-43.601822	-42.111111
7.39	     129.5	 17.500001	-44.023423	-42.209111
7.4	   129.675	 17.500001	-44.446004	-42.307111
7.41	    129.85	 17.500001	-44.869565	-42.405111
7.42	   130.025	 17.500001	-45.294106	-42.503111
7.43	     130.2	 17.500001	-45.719627	-42.601111
7.44	   130.375	 17.500001	-46.146128	-42.699111
7.45	    130.55	 17.500001	-46.573609	-42.797111
7.46	   130.725	 17.500001	-47.002071	-42.895111
7.47	     130.9	 17.500001	-47.431512	-42.993111
7.48	   131.075	 17.500001	-47.861933	-43.091111
7.49	    131.25	 17.500001	-48.293334	-43.189111
7.5	   131.425	 17.500001	-48.725715	-43.287111
7.51	     131.6	 17.500001	-49.159076	-43.385111
7.52	   131.775	 17.500001	-49.593417	-43.483111
7.53	    131.95	 17.500001	-50.028738	-43.581111
7.54	   132.125	 17.500001	-50.465039	-43.679111
7.55	     132.3	 17.500001	-50.902321	-43.777111
7.56	   132.475	 17.500001	-51.340582	-43.875111
7.57	    132.65	 17.500001	-51.779823	-43.973111
7.58	   132.825	 17.500001	-52.220044	-44.071111
7.59	       133	 17.500001	-52.661245	-44.169111
7.6	   133.175	 17.500001	-53.103426	-44.267111
7.61	    133.35	 17.500001	-53.546587	-44.365111
7.62	   133.525	 17.500001	-53.990728	-44.463111
7.63	     133.7	 17.500001	-54.435849	-44.561111
7.64	   133.875	 17.500001	-54.881951	-44.659111
7.65	    134.05	 17.500001	-55.329032	-44.757111
7.66	   134.225	 17.500001	-55.777093	-44.855111
7.67	     134.4	 17.500001	-56.226134	-44.953111
7.68	   134.575	 17.500001	-56.676155	-45.051111
7.69	    134.75	 17.500001	-57.127156	-45.149111
7.7	   134.925	 17.500001	-57.579137	-45.247111
7.71	     135.1	 17.500001	-58.032098	-45.345111
7.72	   135.275	 17.500001	-58.486039	-45.443111
7.73	    135.45	 17.500001	-58.940961	-45.541111
7.74	   135.625	 17.500001	-59.396862	-45.639111
7.75	     135.8	 17.500001	-59.853743	-45.737111
7.76	   135.975	 17.500001	-60.311604	-45.835111
7.77	    136.15	 17.500001	-60.770445	-45.933111
7.78	   136.325	 17.500001	-61.230266	-46.031111
7.79	     136.5	 17.500001	-61.691067	-46.129111
7.8	   136.675	 17.500001	-62.152848	-46.227111
7.81	    136.85	 17.500001	-62.615609	-46.325111
7.82	   137.025	 17.500001	-63.079351	-46.423111
7.83	     137.2	 17.500001	-63.544072	-46.521111
7.84	   137.375	 17.500001	-64.009773	-46.619111
7.85	    137.55	 17.500001	-64.476454	-46.717111
7.86	   137.725	 17.500001	-64.944115	-46.815111
7.87	     137.9	 17.500001	-65.412756	-46.913111
7.88	   138.075	 17.500001	-65.882377	-47.011111
7.89	    138.25	 17.500001	-66.352978	-47.109111
7.9	   138.425	 17.500001	-66.824559	-47.207111
7.91	     138.6	 17.500001	-67.297121	-47.305111
7.92	   138.775	 17.500001	-67.770662	-47.403111
7.93	    138.95	 17.500001	-68.245183	-47.501111
7.94	   139.125	 17.500001	-68.720684	-47.599111
7.95	     139.3	 17.500001	-69.197165	-47.697111
7.96	   139.475	 17.500001	-69.674626	-47.795111
7.97	    139.65	 17.500001	-70.153067	-47.893111
7.98	   139.825	 17.500001	-70.632488	-47.991111
7.99	       140	 17.500001	-71.112889	-48.089111
8	   140.175	 17.500001	-71.594271	-48.187111
8.01	    140.35	 17.500001	-72.076632	-48.285111
8.02	   140.525	 17.500001	-72.559973	-48.383111
8.03	     140.7	 17.500001	-73.044294	-48.481111
8.04	   140.875	 17.500001	-73.529595	-48.579111
8.05	    141.05	 17.500001	-74.015876	-48.677111
8.06	   141.225	 17.500001	-74.503137	-48.775111
8.07	     141.4	 17.500001	-74.991378	-48.873111
8.08	   141.575	 17.500001	-75.480599	-48.971111
8.09	    141.75	 17.500001	-75.970801	-49.069111
8.1	   141.925	 17.500001	-76.461982	-49.167111
8.11	     142.1	 17.500001	-76.954143	-49.265111
8.12	   142.275	 17.500001	-77.447284	-49.363111
8.13	    142.45	 17.500001	-77.941405	-49.461111
8.14	   142.625	 17.500001	-78.436506	-49.559111
8.15	     142.8	 17.500001	-78.932587	-49.657111
8.16	   142.975	 17.500001	-79.429648	-49.755111
8.17	    143.15	 17.500001	-79.927689	-49.853111
8.18	   143.325	 17.500001	-80.426711	-49.951111
8.19	     143.5	 17.500001	-80.926712	-50.049111
8.2	   143.675	 17.500001	-81.427693	-50.147111
8.21	    143.85	 17.500001	-81.929654	-50.245111
8.22	   144.025	 17.500001	-82.432595	-50.343111
8.23	     144.2	 17.500001	-82.936516	-50.441111
8.24	   144.375	 17.500001	-83.441417	-50.539111
8.25	    144.55	 17.500001	-83.947298	-50.637111
8.26	   144.725	 17.500001	-84.454159	-50.735111
8.27	     144.9	 17.500001	-84.962001	-50.833111
8.28	   145.075	 17.500001	-85.470822	-50.931111
8.29	    145.25	 17.500001	-85.980623	-51.029111
8.3	   145.425	 17.500001	-86.491404	-51.127111
8.31	     145.6	 17.500001	-87.003165	-51.225111
8.32	   145.775	 17.500001	-87.515906	-51.323111
8.33	    145.95	 17.500001	-88.029627	-51.421111
8.34	   146.125	 17.500001	-88.544328	-51.519111
8.35	     146.3	 17.500001	-89.060009	-51.617111
8.36	   146.475	 17.500001	-89.576671	-51.715111
8.37	    146.65	 17.500001	-90.094312	-51.813111
8.38	   146.825	 17.500001	-90.612933	-51.911111
8.39	       147	 17.500001	-91.132534	-52.009111
8.4	   147.175	 17.500001	-91.653115	-52.107111
8.41	    147.35	 17.500001	-92.174676	-52.205111
8.42	   147.525	 17.500001	-92.697217	-52.303111
8.43	     147.7	 17.500001	-93.220738	-52.401111
8.44	   147.875	 17.500001	-93.745239	-52.499111
8.45	    148.05	 17.500001	-94.270721	-52.597111
8.46	   148.225	 17.500001	-94.797182	-52.695111
8.47	     148.4	 17.500001	-95.324623	-52.793111
8.48	   148.575	 17.500001	-95.853044	-52.891111
8.49	    148.75	 17.500001	-96.382445	-52.989111
8.5	   148.925	 17.500001	-96.912826	-53.087111
8.51	     149.1	 17.500001	-97.444187	-53.185111
8.52	   149.275	 17.500001	-97.976528	-53.283111
8.53	    149.45	 17.500001	-98.509849	-53.381111
8.54	   149.625	 17.500001	-99.044151	-53.479111
8.55	     149.8	 17.500001	-99.579432	-53.577111
8.56	   149.975	 17.500001	-100.11569	-53.675111
8.57	    150.15	 17.500001	-100.65293	-53.773111
8.58	   150.325	 17.500001	-101.19116	-53.871111
8.59	     150.5	 17.500001	-101.73036	-53.969111
8.6	   150.675	 17.500001	-102.27054	-54.067111
8.61	    150.85	 17.500001	 -102.8117	-54.165111
8.62	   151.025	 17.500001	-103.35384	-54.263111
8.63	     151.2	 17.500001	-103.89696	-54.361111
8.64	   151.375	 17.500001	-104.44106	-54.459111
8.65	    151.55	 17.500001	-104.98614	-54.557111
8.66	   151.725	 17.500001	 -105.5322	-54.655111
8.67	     151.9	 17.500001	-106.07925	-54.753111
8.68	   152.075	 17.500001	-106.62727	-54.851111
8.69	    152.25	 17.500001	-107.17627	-54.949111
8.7	   152.425	 17.500001	-107.72625	-55.047111
8.71	     152.6	 17.500001	-108.27721	-55.145111
8.72	   152.775	 17.500001	-108.82915	-55.243111
8.73	    152.95	 17.500001	-109.38207	-55.341111
8.74	   153.125	 17.500001	-109.93597	-55.439111
8.75	     153.3	 17.500001	-110.49085	-55.537111
8.76	   153.475	 17.500001	-111.04672	-55.635111
8.77	    153.65	 17.500001	-111.60356	-55.733111
8.78	   153.825	 17.500001	-112.16138	-55.831111
8.79	       154	 17.500001	-112.72018	-55.929111
8.8	   154.175	 17.500001	-113.27996	-56.027111
8.81	    154.35	 17.500001	-113.84072	-56.125111
8.82	   154.525	 17.500001	-114.40246	-56.223111
8.83	     154.7	 17.500001	-114.96518	-56.321111
8.84	   154.875	 17.500001	-115.52888	-56.419111
8.85	    155.05	 17.500001	-116.09357	-56.517111
8.86	   155.225	 17.500001	-116.65923	-56.615111
8.87	     155.4	 17.500001	-117.22587	-56.713111
8.88	   155.575	 17.500001	-117.79349	-56.811111
8.89	    155.75	 17.500001	-118.36209	-56.909111
8.9	   155.925	 17.500001	-118.93167	-57.007111
8.91	     156.1	 17.500001	-119.50223	-57.105111
8.92	   156.275	 17.500001	-120.07377	-57.203111
8.93	    156.45	 17.500001	-120.64629	-57.301111
8.94	   156.625	 17.500001	 -121.2198	-57.399111
8.95	     156.8	 17.500001	-121.79428	-57.497111
8.96	   156.975	 17.500001	-122.36974	-57.595111
8.97	    157.15	 17.500001	-122.94618	-57.693111
8.98	   157.325	 17.500001	 -123.5236	-57.791111
8.99	     157.5	 17.500001	  -124.102	-57.889111
9	   157.675	 17.500001	-124.68138	-57.987111
9.01	    157.85	 17.500001	-125.26174	-58.085111
9.02	   158.025	 17.500001	-125.84308	-58.183111
9.03	     158.2	 17.500001	-126.42541	-58.281111
9.04	   158.375	 17.500001	-127.00871	-58.379111
9.05	    158.55	 17.500001	-127.59299	-58.477111
9.06	   158.725	 17.500001	-128.17825	-58.575111
9.07	     158.9	 17.500001	-128.76449	-58.673111
9.08	   159.075	 17.500001	-129.35171	-58.771111
9.09	    159.25	 17.500001	-129.93991	-58.869111
9.1	   159.425	 17.500001	-130.52909	-58.967111
9.11	     159.6	 17.500001	-131.11925	-59.065111
9.12	   159.775	 17.500001	 -131.7104	-59.163111
9.13	    159.95	 17.500001	-132.30252	-59.261111
9.14	   160.125	 17.500001	-132.89562	-59.359111
9.15	     160.3	 17.500001	 -133.4897	-59.457111
9.16	   160.475	 17.500001	-134.08476	-59.555111
9.17	    160.65	 17.500001	 -134.6808	-59.653111
9.18	   160.825	 17.500001	-135.27782	-59.751111
9.19	       161	 17.500001	-135.87582	-59.849111
9.2	   161.175	 17.500001	 -136.4748	-59.947111
9.21	    161.35	 17.500001	-137.07477	-60.045111
9.22	   161.525	 17.500001	-137.67571	-60.143111
9.23	 161.70001	 17.500001	-138.27763	-60.241111
9.24	 161.87501	 17.500001	-138.88053	-60.339111
9.25	 162.05001	 17.500001	-139.48441	-60.437111
9.26	 162.22501	 17.500001	-140.08927	-60.535111
9.27	 162.40001	 17.500001	-140.69511	-60.633111
9.28	 162.57501	 17.500001	-141.30193	-60.731111
9.29	 162.75001	 17.500001	-141.90973	-60.829111
9.3	 162.92501	 17.500001	-142.51852	-60.927111
9.31	 163.10001	 17.500001	-143.12828	-61.025111
9.32	 163.27501	 17.500001	-143.73902	-61.123111
9.33	 163.45001	 17.500001	-144.35074	-61.221111
9.34	 163.62501	 17.500001	-144.96344	-61.319111
9.35	 163.80001	 17.500001	-145.57712	-61.417111
9.36	 163.97501	 17.500001	-146.19178	-61.515111
9.37	 164.15001	 17.500001	-146.80742	-61.613111
9.38	 164.32501	 17.500001	-147.42404	-61.711111
9.39	 164.50001	 17.500001	-148.04165	-61.809111
9.4	 164.67501	 17.500001	-148.66023	-61.907111
9.41	 164.85001	 17.500001	-149.27979	-62.005111
9.42	 165.02501	 17.500001	-149.90033	-62.103111
9.43	 165.20001	 17.500001	-150.52185	-62.201111
9.44	 165.37501	 17.500001	-151.14435	-62.299111
9.45	 165.55001	 17.500001	-151.76783	-62.397111
9.46	 165.72501	 17.500001	-152.39229	-62.495111
9.47	 165.90001	 17.500001	-153.01773	-62.593111
9.48	 166.07501	 17.500001	-153.64416	-62.691111
9.49	 166.25001	 17.500001	-154.27156	-62.789111
9.5	 166.42501	 17.500001	-154.89994	-62.887111
9.51	 166.60001	 17.500001	 -155.5293	-62.985111
9.52	 166.77501	 17.500001	-156.15964	-63.083111
9.53	 166.95001	 17.500001	-156.79096	-63.181111
9.54	 167.12501	 17.500001	-157.42326	-63.279111
9.55	 167.30001	 17.500001	-158.05654	-63.377111
9.56	 167.47501	 17.500001	 -158.6908	-63.475111
9.57	 167.65001	 17.500001	-159.32605	-63.573111
9.58	 167.82501	 17.500001	-159.96227	-63.671111
9.59	 168.00001	 17.500001	-160.59947	-63.769111
9.6	 168.17501	 17.500001	-161.23765	-63.867111
9.61	 168.35001	 17.500001	-161.87681	-63.965111
9.62	 168.52501	 17.500001	-162.51695	-64.063111
9.63	 168.70001	 17.500001	-163.15807	-64.161111
9.64	 168.87501	 17.500001	-163.80017	-64.259111
9.65	 169.05001	 17.500001	-164.44325	-64.357111
9.66	 169.22501	 17.500001	-165.08732	-64.455111
9.67	 169.40001	 17.500001	-165.73236	-64.553111
9.68	 169.57501	 17.500001	-166.37838	-64.651111
9.69	 169.75001	 17.500001	-167.02538	-64.749111
9.7	 169.92501	 17.500001	-167.67336	-64.847111
9.71	 170.10001	 17.500001	-168.32232	-64.945111
9.72	 170.27501	 17.500001	-168.97226	-65.043111
9.73	 170.45001	 17.500001	-169.62318	-65.141111
9.74	 170.62501	 17.500001	-170.27508	-65.239111
9.75	 170.80001	 17.500001	-170.92797	-65.337111
9.76	 170.97501	 17.500001	-171.58183	-65.435111
9.77	 171.15001	 17.500001	-172.23667	-65.533111
9.78	 171.32501	 17.500001	-172.89249	-65.631111
9.79	 171.50001	 17.500001	-173.54929	-65.729111
9.8	 171.67501	 17.500001	-174.20707	-65.827111
9.81	 171.85001	 17.500001	-174.86583	-65.925111
9.82	 172.02501	 17.500001	-175.52557	-66.023111
9.83	 172.20001	 17.500001	-176.18629	-66.121111
9.84	 172.37501	 17.500001	  -176.848	-66.219111
9.85	 172.55001	 17.500001	-177.51068	-66.317111
9.86	 172.72501	 17.500001	-178.17434	-66.415111
9.87	 172.90001	 17.500001	-178.83898	-66.513111
9.88	 173.07501	 17.500001	 -179.5046	-66.611111
9.89	 173.25001	 17.500001	 -180.1712	-66.709111
9.9	 173.42501	 17.500001	-180.83878	-66.807111
9.91	 173.60001	 17.500001	-181.50734	-66.905111
9.92	 173.77501	 17.500001	-182.17688	-67.003111
9.93	 173.95001	 17.500001	-182.84741	-67.101111
9.94	 174.12501	 17.500001	-183.51891	-67.199111
9.95	 174.30001	 17.500001	-184.19139	-67.297111
9.96	 174.47501	 17.500001	-184.86485	-67.395111
9.97	 174.65001	 17.500001	-185.53929	-67.493111
9.98	 174.82501	 17.500001	-186.21471	-67.591111
9.99	 175.00001	 17.500001	-186.89111	-67.689111
10	 175.17501	 17.500001	-187.56849	-67.787111
